instancia,alpha,tempMin,tempInicial,semilla,fo_inicial,fo_final,fines_semana_libres,iteraciones_sa
N10-8.txt,0.72,0.05,100000,2104,71,12,9,450000
N50-5.txt,0.72,0.05,100000,2104,1312,59,11,450000
N40-5.txt,0.72,0.05,100000,2104,149,22,31,450000
N20-2.txt,0.72,0.05,100000,2104,492,20,4,450000
N30-2.txt,0.72,0.05,100000,2104,771,27,6,450000
N40-8.txt,0.72,0.05,100000,2104,1021,68,8,450000
N50-9.txt,0.72,0.05,100000,2104,1290,57,13,450000
N40-7.txt,0.72,0.05,100000,2104,194,69,32,450000
N50-8.txt,0.72,0.05,100000,2104,1288,49,9,450000
N20-10.txt,0.72,0.05,100000,2104,469,23,2,450000
N20-1.txt,0.72,0.05,100000,2104,366,17,8,450000
N30-10.txt,0.72,0.05,100000,2104,378,35,15,450000
N30-8.txt,0.72,0.05,100000,2104,745,37,5,450000
N20-9.txt,0.72,0.05,100000,2104,139,33,11,450000
N10-10.txt,0.72,0.05,100000,2104,204,11,1,450000
N50-6.txt,0.72,0.05,100000,2104,299,73,35,450000
N40-6.txt,0.72,0.05,100000,2104,294,55,24,450000
N10-9.txt,0.72,0.05,100000,2104,200,9,3,450000
N50-7.txt,0.72,0.05,100000,2104,1287,49,10,450000
NPlus-1.txt,0.72,0.05,100000,2104,878,41,26,450000
N10-7.txt,0.72,0.05,100000,2104,158,13,6,450000
N40-4.txt,0.72,0.05,100000,2104,444,45,18,450000
NPlus-3.txt,0.72,0.05,100000,2104,1158,53,21,450000
NPlus-2.txt,0.72,0.05,100000,2104,1325,57,12,450000
N30-1.txt,0.72,0.05,100000,2104,205,12,22,450000
N10-6.txt,0.72,0.05,100000,2104,198,8,3,450000
N30-9.txt,0.72,0.05,100000,2104,746,33,8,450000
N20-3.txt,0.72,0.05,100000,2104,489,26,5,450000
N50-4.txt,0.72,0.05,100000,2104,1311,43,15,450000
N10-8.txt,0.67,0.05,100000,2105,71,13,9,370000
N50-5.txt,0.67,0.05,100000,2105,1312,45,13,370000
N40-5.txt,0.67,0.05,100000,2105,149,29,30,370000
N20-2.txt,0.67,0.05,100000,2105,492,21,5,370000
N30-2.txt,0.67,0.05,100000,2105,771,32,6,370000
N40-8.txt,0.67,0.05,100000,2105,1021,57,10,370000
N50-9.txt,0.67,0.05,100000,2105,1290,49,13,370000
N40-7.txt,0.67,0.05,100000,2105,194,60,34,370000
N50-8.txt,0.67,0.05,100000,2105,1288,50,12,370000
N20-10.txt,0.67,0.05,100000,2105,469,14,6,370000
N20-1.txt,0.67,0.05,100000,2105,366,22,6,370000
N30-10.txt,0.67,0.05,100000,2105,378,41,15,370000
N30-8.txt,0.67,0.05,100000,2105,745,44,8,370000
N20-9.txt,0.67,0.05,100000,2105,139,22,11,370000
N10-10.txt,0.67,0.05,100000,2105,204,8,3,370000
N50-6.txt,0.67,0.05,100000,2105,299,95,34,370000
N40-6.txt,0.67,0.05,100000,2105,294,51,26,370000
N10-9.txt,0.67,0.05,100000,2105,200,11,2,370000
N50-7.txt,0.67,0.05,100000,2105,1287,42,12,370000
NPlus-1.txt,0.67,0.05,100000,2105,878,56,27,370000
N10-7.txt,0.67,0.05,100000,2105,158,13,6,370000
N40-4.txt,0.67,0.05,100000,2105,444,31,22,370000
NPlus-3.txt,0.67,0.05,100000,2105,1158,59,20,370000
NPlus-2.txt,0.67,0.05,100000,2105,1325,54,10,370000
N30-1.txt,0.67,0.05,100000,2105,205,12,22,370000
N10-6.txt,0.67,0.05,100000,2105,198,9,2,370000
N30-9.txt,0.67,0.05,100000,2105,746,43,5,370000
N20-3.txt,0.67,0.05,100000,2105,489,21,4,370000
N50-4.txt,0.67,0.05,100000,2105,1311,42,14,370000
N10-8.txt,0.58,0.05,100000,2106,71,13,9,270000
N50-5.txt,0.58,0.05,100000,2106,1312,56,13,270000
N40-5.txt,0.58,0.05,100000,2106,149,22,31,270000
N20-2.txt,0.58,0.05,100000,2106,492,19,5,270000
N30-2.txt,0.58,0.05,100000,2106,771,23,8,270000
N40-8.txt,0.58,0.05,100000,2106,1021,68,10,270000
N50-9.txt,0.58,0.05,100000,2106,1290,52,14,270000
N40-7.txt,0.58,0.05,100000,2106,194,61,33,270000
N50-8.txt,0.58,0.05,100000,2106,1288,55,10,270000
N20-10.txt,0.58,0.05,100000,2106,469,19,5,270000
N20-1.txt,0.58,0.05,100000,2106,366,27,6,270000
N30-10.txt,0.58,0.05,100000,2106,378,43,16,270000
N30-8.txt,0.58,0.05,100000,2106,745,31,6,270000
N20-9.txt,0.58,0.05,100000,2106,139,37,10,270000
N10-10.txt,0.58,0.05,100000,2106,204,8,3,270000
N50-6.txt,0.58,0.05,100000,2106,299,106,35,270000
N40-6.txt,0.58,0.05,100000,2106,294,57,24,270000
N10-9.txt,0.58,0.05,100000,2106,200,7,3,270000
N50-7.txt,0.58,0.05,100000,2106,1287,58,11,270000
NPlus-1.txt,0.58,0.05,100000,2106,878,50,25,270000
N10-7.txt,0.58,0.05,100000,2106,158,11,6,270000
N40-4.txt,0.58,0.05,100000,2106,444,39,20,270000
NPlus-3.txt,0.58,0.05,100000,2106,1158,58,19,270000
NPlus-2.txt,0.58,0.05,100000,2106,1325,56,10,270000
N30-1.txt,0.58,0.05,100000,2106,205,15,21,270000
N10-6.txt,0.58,0.05,100000,2106,198,9,3,270000
N30-9.txt,0.58,0.05,100000,2106,746,40,6,270000
N20-3.txt,0.58,0.05,100000,2106,489,20,5,270000
N50-4.txt,0.58,0.05,100000,2106,1311,44,14,270000
N10-8.txt,0.49,0.05,100000,2107,71,18,8,210000
N50-5.txt,0.49,0.05,100000,2107,1312,57,12,210000
N40-5.txt,0.49,0.05,100000,2107,149,28,30,210000
N20-2.txt,0.49,0.05,100000,2107,492,25,4,210000
N30-2.txt,0.49,0.05,100000,2107,771,34,7,210000
N40-8.txt,0.49,0.05,100000,2107,1021,72,9,210000
N50-9.txt,0.49,0.05,100000,2107,1290,58,13,210000
N40-7.txt,0.49,0.05,100000,2107,194,83,34,210000
N50-8.txt,0.49,0.05,100000,2107,1288,52,13,210000
N20-10.txt,0.49,0.05,100000,2107,469,22,4,210000
N20-1.txt,0.49,0.05,100000,2107,366,23,6,210000
N30-10.txt,0.49,0.05,100000,2107,378,46,17,210000
N30-8.txt,0.49,0.05,100000,2107,745,45,7,210000
N20-9.txt,0.49,0.05,100000,2107,139,24,11,210000
N10-10.txt,0.49,0.05,100000,2107,204,10,3,210000
N50-6.txt,0.49,0.05,100000,2107,299,95,34,210000
N40-6.txt,0.49,0.05,100000,2107,294,60,25,210000
N10-9.txt,0.49,0.05,100000,2107,200,17,2,210000
N50-7.txt,0.49,0.05,100000,2107,1287,70,11,210000
NPlus-1.txt,0.49,0.05,100000,2107,878,51,26,210000
N10-7.txt,0.49,0.05,100000,2107,158,15,6,210000
N40-4.txt,0.49,0.05,100000,2107,444,43,21,210000
NPlus-3.txt,0.49,0.05,100000,2107,1158,63,19,210000
NPlus-2.txt,0.49,0.05,100000,2107,1325,61,11,210000
N30-1.txt,0.49,0.05,100000,2107,205,31,20,210000
N10-6.txt,0.49,0.05,100000,2107,198,9,3,210000
N30-9.txt,0.49,0.05,100000,2107,746,47,7,210000
N20-3.txt,0.49,0.05,100000,2107,489,24,3,210000
N50-4.txt,0.49,0.05,100000,2107,1311,42,14,210000
N10-8.txt,0.83,0.05,100000,2108,71,14,9,780000
N50-5.txt,0.83,0.05,100000,2108,1312,46,13,780000
N40-5.txt,0.83,0.05,100000,2108,149,23,32,780000
N20-2.txt,0.83,0.05,100000,2108,492,18,5,780000
N30-2.txt,0.83,0.05,100000,2108,771,24,6,780000
N40-8.txt,0.83,0.05,100000,2108,1021,66,8,780000
N50-9.txt,0.83,0.05,100000,2108,1290,52,11,780000
N40-7.txt,0.83,0.05,100000,2108,194,60,34,780000
N50-8.txt,0.83,0.05,100000,2108,1288,52,12,780000
N20-10.txt,0.83,0.05,100000,2108,469,22,4,780000
N20-1.txt,0.83,0.05,100000,2108,366,21,7,780000
N30-10.txt,0.83,0.05,100000,2108,378,50,17,780000
N30-8.txt,0.83,0.05,100000,2108,745,31,7,780000
N20-9.txt,0.83,0.05,100000,2108,139,19,10,780000
N10-10.txt,0.83,0.05,100000,2108,204,8,3,780000
N50-6.txt,0.83,0.05,100000,2108,299,94,35,780000
N40-6.txt,0.83,0.05,100000,2108,294,48,24,780000
N10-9.txt,0.83,0.05,100000,2108,200,8,3,780000
N50-7.txt,0.83,0.05,100000,2108,1287,42,12,780000
NPlus-1.txt,0.83,0.05,100000,2108,878,51,25,780000
N10-7.txt,0.83,0.05,100000,2108,158,12,6,780000
N40-4.txt,0.83,0.05,100000,2108,444,36,21,780000
NPlus-3.txt,0.83,0.05,100000,2108,1158,58,21,780000
NPlus-2.txt,0.83,0.05,100000,2108,1325,56,10,780000
N30-1.txt,0.83,0.05,100000,2108,205,14,21,780000
N10-6.txt,0.83,0.05,100000,2108,198,9,2,780000
N30-9.txt,0.83,0.05,100000,2108,746,35,7,780000
N20-3.txt,0.83,0.05,100000,2108,489,22,5,780000
N50-4.txt,0.83,0.05,100000,2108,1311,39,15,780000
N10-8.txt,0.91,0.05,100000,2109,71,12,9,1540000
N50-5.txt,0.91,0.05,100000,2109,1312,40,13,1540000
N40-5.txt,0.91,0.05,100000,2109,149,23,31,1540000
N20-2.txt,0.91,0.05,100000,2109,492,19,3,1540000
N30-2.txt,0.91,0.05,100000,2109,771,22,8,1540000
N40-8.txt,0.91,0.05,100000,2109,1021,56,7,1540000
N50-9.txt,0.91,0.05,100000,2109,1290,45,14,1540000
N40-7.txt,0.91,0.05,100000,2109,194,49,33,1540000
N50-8.txt,0.91,0.05,100000,2109,1288,45,11,1540000
N20-10.txt,0.91,0.05,100000,2109,469,20,5,1540000
N20-1.txt,0.91,0.05,100000,2109,366,16,7,1540000
N30-10.txt,0.91,0.05,100000,2109,378,33,16,1540000
N30-8.txt,0.91,0.05,100000,2109,745,24,7,1540000
N20-9.txt,0.91,0.05,100000,2109,139,15,12,1540000
N10-10.txt,0.91,0.05,100000,2109,204,8,2,1540000
N50-6.txt,0.91,0.05,100000,2109,299,76,36,1540000
N40-6.txt,0.91,0.05,100000,2109,294,43,26,1540000
N10-9.txt,0.91,0.05,100000,2109,200,9,2,1540000
N50-7.txt,0.91,0.05,100000,2109,1287,43,13,1540000
NPlus-1.txt,0.91,0.05,100000,2109,878,43,26,1540000
N10-7.txt,0.91,0.05,100000,2109,158,11,6,1540000
N40-4.txt,0.91,0.05,100000,2109,444,26,21,1540000
NPlus-3.txt,0.91,0.05,100000,2109,1158,47,20,1540000
NPlus-2.txt,0.91,0.05,100000,2109,1325,48,11,1540000
N30-1.txt,0.91,0.05,100000,2109,205,10,22,1540000
N10-6.txt,0.91,0.05,100000,2109,198,8,3,1540000
N30-9.txt,0.91,0.05,100000,2109,746,36,7,1540000
N20-3.txt,0.91,0.05,100000,2109,489,19,4,1540000
N50-4.txt,0.91,0.05,100000,2109,1311,36,14,1540000
N10-8.txt,0.37,0.05,100000,2110,71,19,9,150000
N50-5.txt,0.37,0.05,100000,2110,1312,69,11,150000
N40-5.txt,0.37,0.05,100000,2110,149,29,31,150000
N20-2.txt,0.37,0.05,100000,2110,492,35,4,150000
N30-2.txt,0.37,0.05,100000,2110,771,32,5,150000
N40-8.txt,0.37,0.05,100000,2110,1021,80,8,150000
N50-9.txt,0.37,0.05,100000,2110,1290,52,13,150000
N40-7.txt,0.37,0.05,100000,2110,194,63,33,150000
N50-8.txt,0.37,0.05,100000,2110,1288,64,11,150000
N20-10.txt,0.37,0.05,100000,2110,469,24,3,150000
N20-1.txt,0.37,0.05,100000,2110,366,17,7,150000
N30-10.txt,0.37,0.05,100000,2110,378,42,14,150000
N30-8.txt,0.37,0.05,100000,2110,745,42,7,150000
N20-9.txt,0.37,0.05,100000,2110,139,34,10,150000
N10-10.txt,0.37,0.05,100000,2110,204,12,1,150000
N50-6.txt,0.37,0.05,100000,2110,299,99,35,150000
N40-6.txt,0.37,0.05,100000,2110,294,69,23,150000
N10-9.txt,0.37,0.05,100000,2110,200,13,2,150000
N50-7.txt,0.37,0.05,100000,2110,1287,74,9,150000
NPlus-1.txt,0.37,0.05,100000,2110,878,57,25,150000
N10-7.txt,0.37,0.05,100000,2110,158,19,6,150000
N40-4.txt,0.37,0.05,100000,2110,444,51,21,150000
NPlus-3.txt,0.37,0.05,100000,2110,1158,56,20,150000
NPlus-2.txt,0.37,0.05,100000,2110,1325,67,11,150000
N30-1.txt,0.37,0.05,100000,2110,205,34,20,150000
N10-6.txt,0.37,0.05,100000,2110,198,12,3,150000
N30-9.txt,0.37,0.05,100000,2110,746,45,5,150000
N20-3.txt,0.37,0.05,100000,2110,489,20,4,150000
N50-4.txt,0.37,0.05,100000,2110,1311,46,14,150000
N10-8.txt,0.44,0.05,100000,2111,71,13,9,180000
N50-5.txt,0.44,0.05,100000,2111,1312,43,14,180000
N40-5.txt,0.44,0.05,100000,2111,149,35,29,180000
N20-2.txt,0.44,0.05,100000,2111,492,19,3,180000
N30-2.txt,0.44,0.05,100000,2111,771,27,6,180000
N40-8.txt,0.44,0.05,100000,2111,1021,69,7,180000
N50-9.txt,0.44,0.05,100000,2111,1290,70,11,180000
N40-7.txt,0.44,0.05,100000,2111,194,66,32,180000
N50-8.txt,0.44,0.05,100000,2111,1288,54,12,180000
N20-10.txt,0.44,0.05,100000,2111,469,23,5,180000
N20-1.txt,0.44,0.05,100000,2111,366,18,7,180000
N30-10.txt,0.44,0.05,100000,2111,378,42,16,180000
N30-8.txt,0.44,0.05,100000,2111,745,37,6,180000
N20-9.txt,0.44,0.05,100000,2111,139,17,11,180000
N10-10.txt,0.44,0.05,100000,2111,204,15,2,180000
N50-6.txt,0.44,0.05,100000,2111,299,106,35,180000
N40-6.txt,0.44,0.05,100000,2111,294,50,26,180000
N10-9.txt,0.44,0.05,100000,2111,200,9,2,180000
N50-7.txt,0.44,0.05,100000,2111,1287,51,11,180000
NPlus-1.txt,0.44,0.05,100000,2111,878,58,25,180000
N10-7.txt,0.44,0.05,100000,2111,158,12,6,180000
N40-4.txt,0.44,0.05,100000,2111,444,41,19,180000
NPlus-3.txt,0.44,0.05,100000,2111,1158,72,19,180000
NPlus-2.txt,0.44,0.05,100000,2111,1325,72,9,180000
N30-1.txt,0.44,0.05,100000,2111,205,35,20,180000
N10-6.txt,0.44,0.05,100000,2111,198,10,3,180000
N30-9.txt,0.44,0.05,100000,2111,746,57,6,180000
N20-3.txt,0.44,0.05,100000,2111,489,24,5,180000
N50-4.txt,0.44,0.05,100000,2111,1311,46,12,180000
N10-8.txt,0.78,0.05,100000,2112,71,12,9,590000
N50-5.txt,0.78,0.05,100000,2112,1312,47,13,590000
N40-5.txt,0.78,0.05,100000,2112,149,28,32,590000
N20-2.txt,0.78,0.05,100000,2112,492,20,3,590000
N30-2.txt,0.78,0.05,100000,2112,771,24,6,590000
N40-8.txt,0.78,0.05,100000,2112,1021,67,8,590000
N50-9.txt,0.78,0.05,100000,2112,1290,53,12,590000
N40-7.txt,0.78,0.05,100000,2112,194,47,33,590000
N50-8.txt,0.78,0.05,100000,2112,1288,49,12,590000
N20-10.txt,0.78,0.05,100000,2112,469,21,4,590000
N20-1.txt,0.78,0.05,100000,2112,366,18,6,590000
N30-10.txt,0.78,0.05,100000,2112,378,33,16,590000
N30-8.txt,0.78,0.05,100000,2112,745,37,7,590000
N20-9.txt,0.78,0.05,100000,2112,139,21,10,590000
N10-10.txt,0.78,0.05,100000,2112,204,8,2,590000
N50-6.txt,0.78,0.05,100000,2112,299,84,35,590000
N40-6.txt,0.78,0.05,100000,2112,294,60,23,590000
N10-9.txt,0.78,0.05,100000,2112,200,11,2,590000
N50-7.txt,0.78,0.05,100000,2112,1287,42,13,590000
NPlus-1.txt,0.78,0.05,100000,2112,878,46,26,590000
N10-7.txt,0.78,0.05,100000,2112,158,10,6,590000
N40-4.txt,0.78,0.05,100000,2112,444,32,21,590000
NPlus-3.txt,0.78,0.05,100000,2112,1158,47,20,590000
NPlus-2.txt,0.78,0.05,100000,2112,1325,66,13,590000
N30-1.txt,0.78,0.05,100000,2112,205,15,21,590000
N10-6.txt,0.78,0.05,100000,2112,198,9,2,590000
N30-9.txt,0.78,0.05,100000,2112,746,38,7,590000
N20-3.txt,0.78,0.05,100000,2112,489,19,5,590000
N50-4.txt,0.78,0.05,100000,2112,1311,44,14,590000
N10-8.txt,0.62,0.05,100000,2113,71,15,9,310000
N50-5.txt,0.62,0.05,100000,2113,1312,55,12,310000
N40-5.txt,0.62,0.05,100000,2113,149,40,30,310000
N20-2.txt,0.62,0.05,100000,2113,492,26,5,310000
N30-2.txt,0.62,0.05,100000,2113,771,29,6,310000
N40-8.txt,0.62,0.05,100000,2113,1021,70,9,310000
N50-9.txt,0.62,0.05,100000,2113,1290,56,12,310000
N40-7.txt,0.62,0.05,100000,2113,194,59,32,310000
N50-8.txt,0.62,0.05,100000,2113,1288,57,13,310000
N20-10.txt,0.62,0.05,100000,2113,469,20,3,310000
N20-1.txt,0.62,0.05,100000,2113,366,19,7,310000
N30-10.txt,0.62,0.05,100000,2113,378,48,15,310000
N30-8.txt,0.62,0.05,100000,2113,745,31,7,310000
N20-9.txt,0.62,0.05,100000,2113,139,35,10,310000
N10-10.txt,0.62,0.05,100000,2113,204,9,3,310000
N50-6.txt,0.62,0.05,100000,2113,299,93,35,310000
N40-6.txt,0.62,0.05,100000,2113,294,57,23,310000
N10-9.txt,0.62,0.05,100000,2113,200,10,2,310000
N50-7.txt,0.62,0.05,100000,2113,1287,59,13,310000
NPlus-1.txt,0.62,0.05,100000,2113,878,45,26,310000
N10-7.txt,0.62,0.05,100000,2113,158,9,6,310000
N40-4.txt,0.62,0.05,100000,2113,444,34,21,310000
NPlus-3.txt,0.62,0.05,100000,2113,1158,58,20,310000
NPlus-2.txt,0.62,0.05,100000,2113,1325,55,9,310000
N30-1.txt,0.62,0.05,100000,2113,205,21,23,310000
N10-6.txt,0.62,0.05,100000,2113,198,8,2,310000
N30-9.txt,0.62,0.05,100000,2113,746,43,6,310000
N20-3.txt,0.62,0.05,100000,2113,489,21,3,310000
N50-4.txt,0.62,0.05,100000,2113,1311,45,15,310000
N10-8.txt,0.53,0.05,100000,2114,71,16,9,230000
N50-5.txt,0.53,0.05,100000,2114,1312,50,12,230000
N40-5.txt,0.53,0.05,100000,2114,149,28,31,230000
N20-2.txt,0.53,0.05,100000,2114,492,23,3,230000
N30-2.txt,0.53,0.05,100000,2114,771,28,7,230000
N40-8.txt,0.53,0.05,100000,2114,1021,80,6,230000
N50-9.txt,0.53,0.05,100000,2114,1290,59,11,230000
N40-7.txt,0.53,0.05,100000,2114,194,71,33,230000
N50-8.txt,0.53,0.05,100000,2114,1288,58,11,230000
N20-10.txt,0.53,0.05,100000,2114,469,21,5,230000
N20-1.txt,0.53,0.05,100000,2114,366,24,7,230000
N30-10.txt,0.53,0.05,100000,2114,378,35,16,230000
N30-8.txt,0.53,0.05,100000,2114,745,38,7,230000
N20-9.txt,0.53,0.05,100000,2114,139,35,10,230000
N10-10.txt,0.53,0.05,100000,2114,204,8,2,230000
N50-6.txt,0.53,0.05,100000,2114,299,105,35,230000
N40-6.txt,0.53,0.05,100000,2114,294,52,24,230000
N10-9.txt,0.53,0.05,100000,2114,200,12,1,230000
N50-7.txt,0.53,0.05,100000,2114,1287,47,13,230000
NPlus-1.txt,0.53,0.05,100000,2114,878,39,25,230000
N10-7.txt,0.53,0.05,100000,2114,158,12,6,230000
N40-4.txt,0.53,0.05,100000,2114,444,44,19,230000
NPlus-3.txt,0.53,0.05,100000,2114,1158,60,21,230000
NPlus-2.txt,0.53,0.05,100000,2114,1325,62,12,230000
N30-1.txt,0.53,0.05,100000,2114,205,21,20,230000
N10-6.txt,0.53,0.05,100000,2114,198,9,3,230000
N30-9.txt,0.53,0.05,100000,2114,746,35,7,230000
N20-3.txt,0.53,0.05,100000,2114,489,20,5,230000
N50-4.txt,0.53,0.05,100000,2114,1311,41,13,230000
N10-8.txt,0.39,0.05,100000,2115,71,15,9,160000
N50-5.txt,0.39,0.05,100000,2115,1312,56,13,160000
N40-5.txt,0.39,0.05,100000,2115,149,32,30,160000
N20-2.txt,0.39,0.05,100000,2115,492,18,5,160000
N30-2.txt,0.39,0.05,100000,2115,771,38,5,160000
N40-8.txt,0.39,0.05,100000,2115,1021,81,6,160000
N50-9.txt,0.39,0.05,100000,2115,1290,51,13,160000
N40-7.txt,0.39,0.05,100000,2115,194,73,33,160000
N50-8.txt,0.39,0.05,100000,2115,1288,66,10,160000
N20-10.txt,0.39,0.05,100000,2115,469,33,2,160000
N20-1.txt,0.39,0.05,100000,2115,366,20,8,160000
N30-10.txt,0.39,0.05,100000,2115,378,58,15,160000
N30-8.txt,0.39,0.05,100000,2115,745,27,7,160000
N20-9.txt,0.39,0.05,100000,2115,139,38,11,160000
N10-10.txt,0.39,0.05,100000,2115,204,10,2,160000
N50-6.txt,0.39,0.05,100000,2115,299,104,35,160000
N40-6.txt,0.39,0.05,100000,2115,294,61,25,160000
N10-9.txt,0.39,0.05,100000,2115,200,9,3,160000
N50-7.txt,0.39,0.05,100000,2115,1287,55,10,160000
NPlus-1.txt,0.39,0.05,100000,2115,878,48,25,160000
N10-7.txt,0.39,0.05,100000,2115,158,14,6,160000
N40-4.txt,0.39,0.05,100000,2115,444,46,18,160000
NPlus-3.txt,0.39,0.05,100000,2115,1158,50,20,160000
NPlus-2.txt,0.39,0.05,100000,2115,1325,66,8,160000
N30-1.txt,0.39,0.05,100000,2115,205,29,20,160000
N10-6.txt,0.39,0.05,100000,2115,198,11,3,160000
N30-9.txt,0.39,0.05,100000,2115,746,49,6,160000
N20-3.txt,0.39,0.05,100000,2115,489,21,6,160000
N50-4.txt,0.39,0.05,100000,2115,1311,51,11,160000
N10-8.txt,0.74,0.05,100000,2116,71,13,9,490000
N50-5.txt,0.74,0.05,100000,2116,1312,54,12,490000
N40-5.txt,0.74,0.05,100000,2116,149,26,30,490000
N20-2.txt,0.74,0.05,100000,2116,492,22,5,490000
N30-2.txt,0.74,0.05,100000,2116,771,32,6,490000
N40-8.txt,0.74,0.05,100000,2116,1021,67,6,490000
N50-9.txt,0.74,0.05,100000,2116,1290,47,14,490000
N40-7.txt,0.74,0.05,100000,2116,194,63,33,490000
N50-8.txt,0.74,0.05,100000,2116,1288,54,11,490000
N20-10.txt,0.74,0.05,100000,2116,469,18,6,490000
N20-1.txt,0.74,0.05,100000,2116,366,20,7,490000
N30-10.txt,0.74,0.05,100000,2116,378,42,15,490000
N30-8.txt,0.74,0.05,100000,2116,745,32,6,490000
N20-9.txt,0.74,0.05,100000,2116,139,17,10,490000
N10-10.txt,0.74,0.05,100000,2116,204,11,3,490000
N50-6.txt,0.74,0.05,100000,2116,299,77,35,490000
N40-6.txt,0.74,0.05,100000,2116,294,68,23,490000
N10-9.txt,0.74,0.05,100000,2116,200,9,2,490000
N50-7.txt,0.74,0.05,100000,2116,1287,54,11,490000
NPlus-1.txt,0.74,0.05,100000,2116,878,59,25,490000
N10-7.txt,0.74,0.05,100000,2116,158,14,6,490000
N40-4.txt,0.74,0.05,100000,2116,444,35,20,490000
NPlus-3.txt,0.74,0.05,100000,2116,1158,49,19,490000
NPlus-2.txt,0.74,0.05,100000,2116,1325,54,10,490000
N30-1.txt,0.74,0.05,100000,2116,205,36,21,490000
N10-6.txt,0.74,0.05,100000,2116,198,10,3,490000
N30-9.txt,0.74,0.05,100000,2116,746,48,7,490000
N20-3.txt,0.74,0.05,100000,2116,489,20,5,490000
N50-4.txt,0.74,0.05,100000,2116,1311,43,13,490000
N10-8.txt,0.46,0.05,100000,2117,71,13,9,190000
N50-5.txt,0.46,0.05,100000,2117,1312,60,10,190000
N40-5.txt,0.46,0.05,100000,2117,149,22,31,190000
N20-2.txt,0.46,0.05,100000,2117,492,28,4,190000
N30-2.txt,0.46,0.05,100000,2117,771,25,7,190000
N40-8.txt,0.46,0.05,100000,2117,1021,77,7,190000
N50-9.txt,0.46,0.05,100000,2117,1290,57,11,190000
N40-7.txt,0.46,0.05,100000,2117,194,80,32,190000
N50-8.txt,0.46,0.05,100000,2117,1288,56,11,190000
N20-10.txt,0.46,0.05,100000,2117,469,30,5,190000
N20-1.txt,0.46,0.05,100000,2117,366,28,6,190000
N30-10.txt,0.46,0.05,100000,2117,378,53,15,190000
N30-8.txt,0.46,0.05,100000,2117,745,37,8,190000
N20-9.txt,0.46,0.05,100000,2117,139,25,12,190000
N10-10.txt,0.46,0.05,100000,2117,204,10,2,190000
N50-6.txt,0.46,0.05,100000,2117,299,90,34,190000
N40-6.txt,0.46,0.05,100000,2117,294,68,22,190000
N10-9.txt,0.46,0.05,100000,2117,200,10,3,190000
N50-7.txt,0.46,0.05,100000,2117,1287,61,12,190000
NPlus-1.txt,0.46,0.05,100000,2117,878,58,25,190000
N10-7.txt,0.46,0.05,100000,2117,158,15,6,190000
N40-4.txt,0.46,0.05,100000,2117,444,47,20,190000
NPlus-3.txt,0.46,0.05,100000,2117,1158,72,20,190000
NPlus-2.txt,0.46,0.05,100000,2117,1325,63,11,190000
N30-1.txt,0.46,0.05,100000,2117,205,26,20,190000
N10-6.txt,0.46,0.05,100000,2117,198,11,3,190000
N30-9.txt,0.46,0.05,100000,2117,746,46,6,190000
N20-3.txt,0.46,0.05,100000,2117,489,21,6,190000
N50-4.txt,0.46,0.05,100000,2117,1311,50,12,190000
N10-8.txt,0.59,0.05,100000,2118,71,14,9,280000
N50-5.txt,0.59,0.05,100000,2118,1312,61,14,280000
N40-5.txt,0.59,0.05,100000,2118,149,29,32,280000
N20-2.txt,0.59,0.05,100000,2118,492,28,4,280000
N30-2.txt,0.59,0.05,100000,2118,771,29,7,280000
N40-8.txt,0.59,0.05,100000,2118,1021,67,6,280000
N50-9.txt,0.59,0.05,100000,2118,1290,49,13,280000
N40-7.txt,0.59,0.05,100000,2118,194,65,33,280000
N50-8.txt,0.59,0.05,100000,2118,1288,56,14,280000
N20-10.txt,0.59,0.05,100000,2118,469,17,3,280000
N20-1.txt,0.59,0.05,100000,2118,366,22,8,280000
N30-10.txt,0.59,0.05,100000,2118,378,48,15,280000
N30-8.txt,0.59,0.05,100000,2118,745,32,8,280000
N20-9.txt,0.59,0.05,100000,2118,139,17,11,280000
N10-10.txt,0.59,0.05,100000,2118,204,11,2,280000
N50-6.txt,0.59,0.05,100000,2118,299,79,34,280000
N40-6.txt,0.59,0.05,100000,2118,294,60,25,280000
N10-9.txt,0.59,0.05,100000,2118,200,11,3,280000
N50-7.txt,0.59,0.05,100000,2118,1287,58,12,280000
NPlus-1.txt,0.59,0.05,100000,2118,878,50,25,280000
N10-7.txt,0.59,0.05,100000,2118,158,14,6,280000
N40-4.txt,0.59,0.05,100000,2118,444,34,20,280000
NPlus-3.txt,0.59,0.05,100000,2118,1158,63,20,280000
NPlus-2.txt,0.59,0.05,100000,2118,1325,55,8,280000
N30-1.txt,0.59,0.05,100000,2118,205,19,20,280000
N10-6.txt,0.59,0.05,100000,2118,198,12,3,280000
N30-9.txt,0.59,0.05,100000,2118,746,38,8,280000
N20-3.txt,0.59,0.05,100000,2118,489,24,5,280000
N50-4.txt,0.59,0.05,100000,2118,1311,47,14,280000
N10-8.txt,0.88,0.05,100000,2119,71,13,9,1140000
N50-5.txt,0.88,0.05,100000,2119,1312,50,13,1140000
N40-5.txt,0.88,0.05,100000,2119,149,27,30,1140000
N20-2.txt,0.88,0.05,100000,2119,492,20,4,1140000
N30-2.txt,0.88,0.05,100000,2119,771,23,7,1140000
N40-8.txt,0.88,0.05,100000,2119,1021,58,7,1140000
N50-9.txt,0.88,0.05,100000,2119,1290,42,14,1140000
N40-7.txt,0.88,0.05,100000,2119,194,45,34,1140000
N50-8.txt,0.88,0.05,100000,2119,1288,47,11,1140000
N20-10.txt,0.88,0.05,100000,2119,469,20,4,1140000
N20-1.txt,0.88,0.05,100000,2119,366,21,7,1140000
N30-10.txt,0.88,0.05,100000,2119,378,40,17,1140000
N30-8.txt,0.88,0.05,100000,2119,745,36,7,1140000
N20-9.txt,0.88,0.05,100000,2119,139,11,11,1140000
N10-10.txt,0.88,0.05,100000,2119,204,8,2,1140000
N50-6.txt,0.88,0.05,100000,2119,299,77,33,1140000
N40-6.txt,0.88,0.05,100000,2119,294,47,24,1140000
N10-9.txt,0.88,0.05,100000,2119,200,9,2,1140000
N50-7.txt,0.88,0.05,100000,2119,1287,51,11,1140000
NPlus-1.txt,0.88,0.05,100000,2119,878,43,26,1140000
N10-7.txt,0.88,0.05,100000,2119,158,10,6,1140000
N40-4.txt,0.88,0.05,100000,2119,444,34,20,1140000
NPlus-3.txt,0.88,0.05,100000,2119,1158,50,19,1140000
NPlus-2.txt,0.88,0.05,100000,2119,1325,49,11,1140000
N30-1.txt,0.88,0.05,100000,2119,205,12,23,1140000
N10-6.txt,0.88,0.05,100000,2119,198,8,3,1140000
N30-9.txt,0.88,0.05,100000,2119,746,39,7,1140000
N20-3.txt,0.88,0.05,100000,2119,489,18,5,1140000
N50-4.txt,0.88,0.05,100000,2119,1311,38,14,1140000
N10-8.txt,0.93,0.05,100000,2120,71,12,9,2000000
N50-5.txt,0.93,0.05,100000,2120,1312,44,13,2000000
N40-5.txt,0.93,0.05,100000,2120,149,15,32,2000000
N20-2.txt,0.93,0.05,100000,2120,492,17,5,2000000
N30-2.txt,0.93,0.05,100000,2120,771,22,8,2000000
N40-8.txt,0.93,0.05,100000,2120,1021,49,8,2000000
N50-9.txt,0.93,0.05,100000,2120,1290,38,14,2000000
N40-7.txt,0.93,0.05,100000,2120,194,42,34,2000000
N50-8.txt,0.93,0.05,100000,2120,1288,40,13,2000000
N20-10.txt,0.93,0.05,100000,2120,469,15,5,2000000
N20-1.txt,0.93,0.05,100000,2120,366,17,7,2000000
N30-10.txt,0.93,0.05,100000,2120,378,34,16,2000000
N30-8.txt,0.93,0.05,100000,2120,745,30,9,2000000
N20-9.txt,0.93,0.05,100000,2120,139,15,9,2000000
N10-10.txt,0.93,0.05,100000,2120,204,7,3,2000000
N50-6.txt,0.93,0.05,100000,2120,299,69,35,2000000
N40-6.txt,0.93,0.05,100000,2120,294,46,24,2000000
N10-9.txt,0.93,0.05,100000,2120,200,7,3,2000000
N50-7.txt,0.93,0.05,100000,2120,1287,48,13,2000000
NPlus-1.txt,0.93,0.05,100000,2120,878,41,26,2000000
N10-7.txt,0.93,0.05,100000,2120,158,10,6,2000000
N40-4.txt,0.93,0.05,100000,2120,444,29,21,2000000
NPlus-3.txt,0.93,0.05,100000,2120,1158,48,19,2000000
NPlus-2.txt,0.93,0.05,100000,2120,1325,44,11,2000000
N30-1.txt,0.93,0.05,100000,2120,205,10,22,2000000
N10-6.txt,0.93,0.05,100000,2120,198,7,3,2000000
N30-9.txt,0.93,0.05,100000,2120,746,37,6,2000000
N20-3.txt,0.93,0.05,100000,2120,489,18,5,2000000
N50-4.txt,0.93,0.05,100000,2120,1311,36,14,2000000
N10-8.txt,0.81,0.05,100000,2121,71,13,9,690000
N50-5.txt,0.81,0.05,100000,2121,1312,44,13,690000
N40-5.txt,0.81,0.05,100000,2121,149,29,30,690000
N20-2.txt,0.81,0.05,100000,2121,492,23,4,690000
N30-2.txt,0.81,0.05,100000,2121,771,23,7,690000
N40-8.txt,0.81,0.05,100000,2121,1021,61,6,690000
N50-9.txt,0.81,0.05,100000,2121,1290,38,14,690000
N40-7.txt,0.81,0.05,100000,2121,194,45,34,690000
N50-8.txt,0.81,0.05,100000,2121,1288,50,12,690000
N20-10.txt,0.81,0.05,100000,2121,469,18,4,690000
N20-1.txt,0.81,0.05,100000,2121,366,18,8,690000
N30-10.txt,0.81,0.05,100000,2121,378,46,15,690000
N30-8.txt,0.81,0.05,100000,2121,745,32,8,690000
N20-9.txt,0.81,0.05,100000,2121,139,22,11,690000
N10-10.txt,0.81,0.05,100000,2121,204,7,3,690000
N50-6.txt,0.81,0.05,100000,2121,299,66,34,690000
N40-6.txt,0.81,0.05,100000,2121,294,56,24,690000
N10-9.txt,0.81,0.05,100000,2121,200,13,2,690000
N50-7.txt,0.81,0.05,100000,2121,1287,47,13,690000
NPlus-1.txt,0.81,0.05,100000,2121,878,40,25,690000
N10-7.txt,0.81,0.05,100000,2121,158,10,6,690000
N40-4.txt,0.81,0.05,100000,2121,444,38,19,690000
NPlus-3.txt,0.81,0.05,100000,2121,1158,55,20,690000
NPlus-2.txt,0.81,0.05,100000,2121,1325,51,12,690000
N30-1.txt,0.81,0.05,100000,2121,205,13,20,690000
N10-6.txt,0.81,0.05,100000,2121,198,7,3,690000
N30-9.txt,0.81,0.05,100000,2121,746,34,6,690000
N20-3.txt,0.81,0.05,100000,2121,489,19,4,690000
N50-4.txt,0.81,0.05,100000,2121,1311,45,13,690000
N10-8.txt,0.29,0.05,100000,2122,71,13,9,120000
N50-5.txt,0.29,0.05,100000,2122,1312,61,9,120000
N40-5.txt,0.29,0.05,100000,2122,149,29,32,120000
N20-2.txt,0.29,0.05,100000,2122,492,22,4,120000
N30-2.txt,0.29,0.05,100000,2122,771,31,5,120000
N40-8.txt,0.29,0.05,100000,2122,1021,84,8,120000
N50-9.txt,0.29,0.05,100000,2122,1290,57,12,120000
N40-7.txt,0.29,0.05,100000,2122,194,64,33,120000
N50-8.txt,0.29,0.05,100000,2122,1288,59,12,120000
N20-10.txt,0.29,0.05,100000,2122,469,23,4,120000
N20-1.txt,0.29,0.05,100000,2122,366,25,6,120000
N30-10.txt,0.29,0.05,100000,2122,378,45,16,120000
N30-8.txt,0.29,0.05,100000,2122,745,38,8,120000
N20-9.txt,0.29,0.05,100000,2122,139,25,12,120000
N10-10.txt,0.29,0.05,100000,2122,204,9,3,120000
N50-6.txt,0.29,0.05,100000,2122,299,119,33,120000
N40-6.txt,0.29,0.05,100000,2122,294,73,24,120000
N10-9.txt,0.29,0.05,100000,2122,200,11,3,120000
N50-7.txt,0.29,0.05,100000,2122,1287,63,11,120000
NPlus-1.txt,0.29,0.05,100000,2122,878,48,25,120000
N10-7.txt,0.29,0.05,100000,2122,158,15,6,120000
N40-4.txt,0.29,0.05,100000,2122,444,48,20,120000
NPlus-3.txt,0.29,0.05,100000,2122,1158,70,17,120000
NPlus-2.txt,0.29,0.05,100000,2122,1325,78,10,120000
N30-1.txt,0.29,0.05,100000,2122,205,20,20,120000
N10-6.txt,0.29,0.05,100000,2122,198,11,1,120000
N30-9.txt,0.29,0.05,100000,2122,746,50,6,120000
N20-3.txt,0.29,0.05,100000,2122,489,24,5,120000
N50-4.txt,0.29,0.05,100000,2122,1311,43,11,120000
N10-8.txt,0.33,0.05,100000,2123,71,13,9,140000
N50-5.txt,0.33,0.05,100000,2123,1312,72,11,140000
N40-5.txt,0.33,0.05,100000,2123,149,23,31,140000
N20-2.txt,0.33,0.05,100000,2123,492,29,5,140000
N30-2.txt,0.33,0.05,100000,2123,771,35,7,140000
N40-8.txt,0.33,0.05,100000,2123,1021,89,7,140000
N50-9.txt,0.33,0.05,100000,2123,1290,68,12,140000
N40-7.txt,0.33,0.05,100000,2123,194,81,32,140000
N50-8.txt,0.33,0.05,100000,2123,1288,61,11,140000
N20-10.txt,0.33,0.05,100000,2123,469,20,5,140000
N20-1.txt,0.33,0.05,100000,2123,366,26,8,140000
N30-10.txt,0.33,0.05,100000,2123,378,44,15,140000
N30-8.txt,0.33,0.05,100000,2123,745,50,4,140000
N20-9.txt,0.33,0.05,100000,2123,139,29,11,140000
N10-10.txt,0.33,0.05,100000,2123,204,12,2,140000
N50-6.txt,0.33,0.05,100000,2123,299,128,35,140000
N40-6.txt,0.33,0.05,100000,2123,294,81,24,140000
N10-9.txt,0.33,0.05,100000,2123,200,13,2,140000
N50-7.txt,0.33,0.05,100000,2123,1287,64,14,140000
NPlus-1.txt,0.33,0.05,100000,2123,878,53,27,140000
N10-7.txt,0.33,0.05,100000,2123,158,15,6,140000
N40-4.txt,0.33,0.05,100000,2123,444,40,21,140000
NPlus-3.txt,0.33,0.05,100000,2123,1158,62,20,140000
NPlus-2.txt,0.33,0.05,100000,2123,1325,80,9,140000
N30-1.txt,0.33,0.05,100000,2123,205,25,20,140000
N10-6.txt,0.33,0.05,100000,2123,198,9,2,140000
N30-9.txt,0.33,0.05,100000,2123,746,43,5,140000
N20-3.txt,0.33,0.05,100000,2123,489,23,4,140000
N50-4.txt,0.33,0.05,100000,2123,1311,47,13,140000
N10-8.txt,0.95,0.05,100000,2124,71,13,9,2830000
N50-5.txt,0.95,0.05,100000,2124,1312,47,14,2830000
N40-5.txt,0.95,0.05,100000,2124,149,18,32,2830000
N20-2.txt,0.95,0.05,100000,2124,492,17,5,2830000
N30-2.txt,0.95,0.05,100000,2124,771,23,7,2830000
N40-8.txt,0.95,0.05,100000,2124,1021,48,8,2830000
N50-9.txt,0.95,0.05,100000,2124,1290,43,15,2830000
N40-7.txt,0.95,0.05,100000,2124,194,49,33,2830000
N50-8.txt,0.95,0.05,100000,2124,1288,43,13,2830000
N20-10.txt,0.95,0.05,100000,2124,469,18,6,2830000
N20-1.txt,0.95,0.05,100000,2124,366,19,8,2830000
N30-10.txt,0.95,0.05,100000,2124,378,34,15,2830000
N30-8.txt,0.95,0.05,100000,2124,745,31,8,2830000
N20-9.txt,0.95,0.05,100000,2124,139,15,11,2830000
N10-10.txt,0.95,0.05,100000,2124,204,8,2,2830000
N50-6.txt,0.95,0.05,100000,2124,299,46,35,2830000
N40-6.txt,0.95,0.05,100000,2124,294,44,23,2830000
N10-9.txt,0.95,0.05,100000,2124,200,9,2,2830000
N50-7.txt,0.95,0.05,100000,2124,1287,45,12,2830000
NPlus-1.txt,0.95,0.05,100000,2124,878,36,26,2830000
N10-7.txt,0.95,0.05,100000,2124,158,9,6,2830000
N40-4.txt,0.95,0.05,100000,2124,444,36,20,2830000
NPlus-3.txt,0.95,0.05,100000,2124,1158,44,21,2830000
NPlus-2.txt,0.95,0.05,100000,2124,1325,43,11,2830000
N30-1.txt,0.95,0.05,100000,2124,205,11,21,2830000
N10-6.txt,0.95,0.05,100000,2124,198,8,3,2830000
N30-9.txt,0.95,0.05,100000,2124,746,32,7,2830000
N20-3.txt,0.95,0.05,100000,2124,489,16,5,2830000
N50-4.txt,0.95,0.05,100000,2124,1311,35,15,2830000
N10-8.txt,0.77,0.05,100000,2125,71,14,9,560000
N50-5.txt,0.77,0.05,100000,2125,1312,42,11,560000
N40-5.txt,0.77,0.05,100000,2125,149,28,31,560000
N20-2.txt,0.77,0.05,100000,2125,492,22,5,560000
N30-2.txt,0.77,0.05,100000,2125,771,26,6,560000
N40-8.txt,0.77,0.05,100000,2125,1021,64,9,560000
N50-9.txt,0.77,0.05,100000,2125,1290,48,14,560000
N40-7.txt,0.77,0.05,100000,2125,194,48,34,560000
N50-8.txt,0.77,0.05,100000,2125,1288,52,11,560000
N20-10.txt,0.77,0.05,100000,2125,469,20,3,560000
N20-1.txt,0.77,0.05,100000,2125,366,17,7,560000
N30-10.txt,0.77,0.05,100000,2125,378,38,17,560000
N30-8.txt,0.77,0.05,100000,2125,745,31,7,560000
N20-9.txt,0.77,0.05,100000,2125,139,22,11,560000
N10-10.txt,0.77,0.05,100000,2125,204,9,2,560000
N50-6.txt,0.77,0.05,100000,2125,299,87,36,560000
N40-6.txt,0.77,0.05,100000,2125,294,50,24,560000
N10-9.txt,0.77,0.05,100000,2125,200,11,2,560000
N50-7.txt,0.77,0.05,100000,2125,1287,54,12,560000
NPlus-1.txt,0.77,0.05,100000,2125,878,45,26,560000
N10-7.txt,0.77,0.05,100000,2125,158,10,6,560000
N40-4.txt,0.77,0.05,100000,2125,444,40,20,560000
NPlus-3.txt,0.77,0.05,100000,2125,1158,54,19,560000
NPlus-2.txt,0.77,0.05,100000,2125,1325,55,10,560000
N30-1.txt,0.77,0.05,100000,2125,205,19,19,560000
N10-6.txt,0.77,0.05,100000,2125,198,8,3,560000
N30-9.txt,0.77,0.05,100000,2125,746,35,6,560000
N20-3.txt,0.77,0.05,100000,2125,489,19,4,560000
N50-4.txt,0.77,0.05,100000,2125,1311,46,14,560000
N10-8.txt,0.56,0.05,100000,2126,71,13,9,260000
N50-5.txt,0.56,0.05,100000,2126,1312,52,14,260000
N40-5.txt,0.56,0.05,100000,2126,149,22,31,260000
N20-2.txt,0.56,0.05,100000,2126,492,23,4,260000
N30-2.txt,0.56,0.05,100000,2126,771,32,7,260000
N40-8.txt,0.56,0.05,100000,2126,1021,65,10,260000
N50-9.txt,0.56,0.05,100000,2126,1290,59,14,260000
N40-7.txt,0.56,0.05,100000,2126,194,57,33,260000
N50-8.txt,0.56,0.05,100000,2126,1288,65,11,260000
N20-10.txt,0.56,0.05,100000,2126,469,19,6,260000
N20-1.txt,0.56,0.05,100000,2126,366,21,7,260000
N30-10.txt,0.56,0.05,100000,2126,378,49,16,260000
N30-8.txt,0.56,0.05,100000,2126,745,37,7,260000
N20-9.txt,0.56,0.05,100000,2126,139,29,12,260000
N10-10.txt,0.56,0.05,100000,2126,204,8,3,260000
N50-6.txt,0.56,0.05,100000,2126,299,94,35,260000
N40-6.txt,0.56,0.05,100000,2126,294,51,25,260000
N10-9.txt,0.56,0.05,100000,2126,200,10,3,260000
N50-7.txt,0.56,0.05,100000,2126,1287,64,11,260000
NPlus-1.txt,0.56,0.05,100000,2126,878,54,26,260000
N10-7.txt,0.56,0.05,100000,2126,158,14,6,260000
N40-4.txt,0.56,0.05,100000,2126,444,35,18,260000
NPlus-3.txt,0.56,0.05,100000,2126,1158,60,20,260000
NPlus-2.txt,0.56,0.05,100000,2126,1325,75,10,260000
N30-1.txt,0.56,0.05,100000,2126,205,22,21,260000
N10-6.txt,0.56,0.05,100000,2126,198,10,3,260000
N30-9.txt,0.56,0.05,100000,2126,746,53,6,260000
N20-3.txt,0.56,0.05,100000,2126,489,20,6,260000
N50-4.txt,0.56,0.05,100000,2126,1311,42,12,260000
N10-8.txt,0.69,0.05,100000,2127,71,13,9,400000
N50-5.txt,0.69,0.05,100000,2127,1312,54,13,400000
N40-5.txt,0.69,0.05,100000,2127,149,27,31,400000
N20-2.txt,0.69,0.05,100000,2127,492,18,4,400000
N30-2.txt,0.69,0.05,100000,2127,771,31,6,400000
N40-8.txt,0.69,0.05,100000,2127,1021,58,7,400000
N50-9.txt,0.69,0.05,100000,2127,1290,56,10,400000
N40-7.txt,0.69,0.05,100000,2127,194,61,32,400000
N50-8.txt,0.69,0.05,100000,2127,1288,64,12,400000
N20-10.txt,0.69,0.05,100000,2127,469,24,4,400000
N20-1.txt,0.69,0.05,100000,2127,366,20,8,400000
N30-10.txt,0.69,0.05,100000,2127,378,46,15,400000
N30-8.txt,0.69,0.05,100000,2127,745,40,8,400000
N20-9.txt,0.69,0.05,100000,2127,139,25,10,400000
N10-10.txt,0.69,0.05,100000,2127,204,8,3,400000
N50-6.txt,0.69,0.05,100000,2127,299,91,34,400000
N40-6.txt,0.69,0.05,100000,2127,294,57,25,400000
N10-9.txt,0.69,0.05,100000,2127,200,11,2,400000
N50-7.txt,0.69,0.05,100000,2127,1287,54,14,400000
NPlus-1.txt,0.69,0.05,100000,2127,878,50,25,400000
N10-7.txt,0.69,0.05,100000,2127,158,12,6,400000
N40-4.txt,0.69,0.05,100000,2127,444,42,20,400000
NPlus-3.txt,0.69,0.05,100000,2127,1158,52,21,400000
NPlus-2.txt,0.69,0.05,100000,2127,1325,58,11,400000
N30-1.txt,0.69,0.05,100000,2127,205,28,20,400000
N10-6.txt,0.69,0.05,100000,2127,198,7,3,400000
N30-9.txt,0.69,0.05,100000,2127,746,42,6,400000
N20-3.txt,0.69,0.05,100000,2127,489,19,5,400000
N50-4.txt,0.69,0.05,100000,2127,1311,47,13,400000
N10-8.txt,0.42,0.05,100000,2128,71,13,9,170000
N50-5.txt,0.42,0.05,100000,2128,1312,49,12,170000
N40-5.txt,0.42,0.05,100000,2128,149,28,31,170000
N20-2.txt,0.42,0.05,100000,2128,492,21,4,170000
N30-2.txt,0.42,0.05,100000,2128,771,35,5,170000
N40-8.txt,0.42,0.05,100000,2128,1021,80,9,170000
N50-9.txt,0.42,0.05,100000,2128,1290,47,13,170000
N40-7.txt,0.42,0.05,100000,2128,194,76,33,170000
N50-8.txt,0.42,0.05,100000,2128,1288,55,10,170000
N20-10.txt,0.42,0.05,100000,2128,469,21,4,170000
N20-1.txt,0.42,0.05,100000,2128,366,26,7,170000
N30-10.txt,0.42,0.05,100000,2128,378,50,15,170000
N30-8.txt,0.42,0.05,100000,2128,745,41,6,170000
N20-9.txt,0.42,0.05,100000,2128,139,30,12,170000
N10-10.txt,0.42,0.05,100000,2128,204,13,2,170000
N50-6.txt,0.42,0.05,100000,2128,299,102,35,170000
N40-6.txt,0.42,0.05,100000,2128,294,72,23,170000
N10-9.txt,0.42,0.05,100000,2128,200,11,3,170000
N50-7.txt,0.42,0.05,100000,2128,1287,60,13,170000
NPlus-1.txt,0.42,0.05,100000,2128,878,63,26,170000
N10-7.txt,0.42,0.05,100000,2128,158,20,6,170000
N40-4.txt,0.42,0.05,100000,2128,444,40,20,170000
NPlus-3.txt,0.42,0.05,100000,2128,1158,63,20,170000
NPlus-2.txt,0.42,0.05,100000,2128,1325,65,9,170000
N30-1.txt,0.42,0.05,100000,2128,205,24,21,170000
N10-6.txt,0.42,0.05,100000,2128,198,11,1,170000
N30-9.txt,0.42,0.05,100000,2128,746,47,7,170000
N20-3.txt,0.42,0.05,100000,2128,489,35,4,170000
N50-4.txt,0.42,0.05,100000,2128,1311,47,13,170000
N10-8.txt,0.31,0.05,100000,2129,71,15,9,130000
N50-5.txt,0.31,0.05,100000,2129,1312,60,12,130000
N40-5.txt,0.31,0.05,100000,2129,149,29,30,130000
N20-2.txt,0.31,0.05,100000,2129,492,27,4,130000
N30-2.txt,0.31,0.05,100000,2129,771,34,7,130000
N40-8.txt,0.31,0.05,100000,2129,1021,81,8,130000
N50-9.txt,0.31,0.05,100000,2129,1290,69,10,130000
N40-7.txt,0.31,0.05,100000,2129,194,72,32,130000
N50-8.txt,0.31,0.05,100000,2129,1288,66,10,130000
N20-10.txt,0.31,0.05,100000,2129,469,21,4,130000
N20-1.txt,0.31,0.05,100000,2129,366,27,6,130000
N30-10.txt,0.31,0.05,100000,2129,378,50,16,130000
N30-8.txt,0.31,0.05,100000,2129,745,46,6,130000
N20-9.txt,0.31,0.05,100000,2129,139,34,11,130000
N10-10.txt,0.31,0.05,100000,2129,204,11,2,130000
N50-6.txt,0.31,0.05,100000,2129,299,97,35,130000
N40-6.txt,0.31,0.05,100000,2129,294,69,23,130000
N10-9.txt,0.31,0.05,100000,2129,200,12,2,130000
N50-7.txt,0.31,0.05,100000,2129,1287,64,9,130000
NPlus-1.txt,0.31,0.05,100000,2129,878,58,26,130000
N10-7.txt,0.31,0.05,100000,2129,158,19,6,130000
N40-4.txt,0.31,0.05,100000,2129,444,39,20,130000
NPlus-3.txt,0.31,0.05,100000,2129,1158,78,20,130000
NPlus-2.txt,0.31,0.05,100000,2129,1325,76,9,130000
N30-1.txt,0.31,0.05,100000,2129,205,29,21,130000
N10-6.txt,0.31,0.05,100000,2129,198,8,3,130000
N30-9.txt,0.31,0.05,100000,2129,746,55,6,130000
N20-3.txt,0.31,0.05,100000,2129,489,19,6,130000
N50-4.txt,0.31,0.05,100000,2129,1311,50,13,130000
N10-8.txt,0.48,0.05,100000,2130,71,12,9,200000
N50-5.txt,0.48,0.05,100000,2130,1312,59,12,200000
N40-5.txt,0.48,0.05,100000,2130,149,33,31,200000
N20-2.txt,0.48,0.05,100000,2130,492,26,5,200000
N30-2.txt,0.48,0.05,100000,2130,771,26,5,200000
N40-8.txt,0.48,0.05,100000,2130,1021,78,9,200000
N50-9.txt,0.48,0.05,100000,2130,1290,52,12,200000
N40-7.txt,0.48,0.05,100000,2130,194,66,33,200000
N50-8.txt,0.48,0.05,100000,2130,1288,59,10,200000
N20-10.txt,0.48,0.05,100000,2130,469,22,4,200000
N20-1.txt,0.48,0.05,100000,2130,366,27,6,200000
N30-10.txt,0.48,0.05,100000,2130,378,44,15,200000
N30-8.txt,0.48,0.05,100000,2130,745,36,8,200000
N20-9.txt,0.48,0.05,100000,2130,139,32,11,200000
N10-10.txt,0.48,0.05,100000,2130,204,11,2,200000
N50-6.txt,0.48,0.05,100000,2130,299,83,36,200000
N40-6.txt,0.48,0.05,100000,2130,294,53,25,200000
N10-9.txt,0.48,0.05,100000,2130,200,12,2,200000
N50-7.txt,0.48,0.05,100000,2130,1287,52,12,200000
NPlus-1.txt,0.48,0.05,100000,2130,878,47,24,200000
N10-7.txt,0.48,0.05,100000,2130,158,12,6,200000
N40-4.txt,0.48,0.05,100000,2130,444,33,21,200000
NPlus-3.txt,0.48,0.05,100000,2130,1158,73,18,200000
NPlus-2.txt,0.48,0.05,100000,2130,1325,77,8,200000
N30-1.txt,0.48,0.05,100000,2130,205,17,21,200000
N10-6.txt,0.48,0.05,100000,2130,198,11,2,200000
N30-9.txt,0.48,0.05,100000,2130,746,44,7,200000
N20-3.txt,0.48,0.05,100000,2130,489,21,5,200000
N50-4.txt,0.48,0.05,100000,2130,1311,49,13,200000
N10-8.txt,0.64,0.05,100000,2131,71,13,9,330000
N50-5.txt,0.64,0.05,100000,2131,1312,67,12,330000
N40-5.txt,0.64,0.05,100000,2131,149,30,30,330000
N20-2.txt,0.64,0.05,100000,2131,492,24,4,330000
N30-2.txt,0.64,0.05,100000,2131,771,28,7,330000
N40-8.txt,0.64,0.05,100000,2131,1021,57,8,330000
N50-9.txt,0.64,0.05,100000,2131,1290,57,12,330000
N40-7.txt,0.64,0.05,100000,2131,194,70,32,330000
N50-8.txt,0.64,0.05,100000,2131,1288,59,12,330000
N20-10.txt,0.64,0.05,100000,2131,469,20,4,330000
N20-1.txt,0.64,0.05,100000,2131,366,17,8,330000
N30-10.txt,0.64,0.05,100000,2131,378,46,16,330000
N30-8.txt,0.64,0.05,100000,2131,745,38,6,330000
N20-9.txt,0.64,0.05,100000,2131,139,29,10,330000
N10-10.txt,0.64,0.05,100000,2131,204,11,2,330000
N50-6.txt,0.64,0.05,100000,2131,299,84,36,330000
N40-6.txt,0.64,0.05,100000,2131,294,59,24,330000
N10-9.txt,0.64,0.05,100000,2131,200,9,3,330000
N50-7.txt,0.64,0.05,100000,2131,1287,54,11,330000
NPlus-1.txt,0.64,0.05,100000,2131,878,50,25,330000
N10-7.txt,0.64,0.05,100000,2131,158,19,6,330000
N40-4.txt,0.64,0.05,100000,2131,444,32,21,330000
NPlus-3.txt,0.64,0.05,100000,2131,1158,58,20,330000
NPlus-2.txt,0.64,0.05,100000,2131,1325,62,9,330000
N30-1.txt,0.64,0.05,100000,2131,205,23,21,330000
N10-6.txt,0.64,0.05,100000,2131,198,8,3,330000
N30-9.txt,0.64,0.05,100000,2131,746,40,5,330000
N20-3.txt,0.64,0.05,100000,2131,489,24,4,330000
N50-4.txt,0.64,0.05,100000,2131,1311,46,14,330000
N10-8.txt,0.79,0.05,100000,2132,71,12,9,620000
N50-5.txt,0.79,0.05,100000,2132,1312,50,14,620000
N40-5.txt,0.79,0.05,100000,2132,149,26,32,620000
N20-2.txt,0.79,0.05,100000,2132,492,19,4,620000
N30-2.txt,0.79,0.05,100000,2132,771,29,6,620000
N40-8.txt,0.79,0.05,100000,2132,1021,60,7,620000
N50-9.txt,0.79,0.05,100000,2132,1290,52,11,620000
N40-7.txt,0.79,0.05,100000,2132,194,52,34,620000
N50-8.txt,0.79,0.05,100000,2132,1288,41,12,620000
N20-10.txt,0.79,0.05,100000,2132,469,18,5,620000
N20-1.txt,0.79,0.05,100000,2132,366,21,7,620000
N30-10.txt,0.79,0.05,100000,2132,378,42,14,620000
N30-8.txt,0.79,0.05,100000,2132,745,33,6,620000
N20-9.txt,0.79,0.05,100000,2132,139,20,11,620000
N10-10.txt,0.79,0.05,100000,2132,204,8,2,620000
N50-6.txt,0.79,0.05,100000,2132,299,67,34,620000
N40-6.txt,0.79,0.05,100000,2132,294,44,25,620000
N10-9.txt,0.79,0.05,100000,2132,200,10,3,620000
N50-7.txt,0.79,0.05,100000,2132,1287,46,11,620000
NPlus-1.txt,0.79,0.05,100000,2132,878,41,27,620000
N10-7.txt,0.79,0.05,100000,2132,158,13,6,620000
N40-4.txt,0.79,0.05,100000,2132,444,38,19,620000
NPlus-3.txt,0.79,0.05,100000,2132,1158,50,21,620000
NPlus-2.txt,0.79,0.05,100000,2132,1325,54,9,620000
N30-1.txt,0.79,0.05,100000,2132,205,10,21,620000
N10-6.txt,0.79,0.05,100000,2132,198,9,3,620000
N30-9.txt,0.79,0.05,100000,2132,746,37,6,620000
N20-3.txt,0.79,0.05,100000,2132,489,21,5,620000
N50-4.txt,0.79,0.05,100000,2132,1311,42,14,620000
N10-8.txt,0.87,0.05,100000,2133,71,12,9,1050000
N50-5.txt,0.87,0.05,100000,2133,1312,48,12,1050000
N40-5.txt,0.87,0.05,100000,2133,149,25,31,1050000
N20-2.txt,0.87,0.05,100000,2133,492,18,5,1050000
N30-2.txt,0.87,0.05,100000,2133,771,24,8,1050000
N40-8.txt,0.87,0.05,100000,2133,1021,54,8,1050000
N50-9.txt,0.87,0.05,100000,2133,1290,44,13,1050000
N40-7.txt,0.87,0.05,100000,2133,194,53,33,1050000
N50-8.txt,0.87,0.05,100000,2133,1288,54,12,1050000
N20-10.txt,0.87,0.05,100000,2133,469,17,5,1050000
N20-1.txt,0.87,0.05,100000,2133,366,15,7,1050000
N30-10.txt,0.87,0.05,100000,2133,378,41,15,1050000
N30-8.txt,0.87,0.05,100000,2133,745,33,6,1050000
N20-9.txt,0.87,0.05,100000,2133,139,22,11,1050000
N10-10.txt,0.87,0.05,100000,2133,204,8,3,1050000
N50-6.txt,0.87,0.05,100000,2133,299,64,35,1050000
N40-6.txt,0.87,0.05,100000,2133,294,48,24,1050000
N10-9.txt,0.87,0.05,100000,2133,200,8,3,1050000
N50-7.txt,0.87,0.05,100000,2133,1287,45,10,1050000
NPlus-1.txt,0.87,0.05,100000,2133,878,42,26,1050000
N10-7.txt,0.87,0.05,100000,2133,158,12,6,1050000
N40-4.txt,0.87,0.05,100000,2133,444,30,22,1050000
NPlus-3.txt,0.87,0.05,100000,2133,1158,52,19,1050000
NPlus-2.txt,0.87,0.05,100000,2133,1325,47,9,1050000
N30-1.txt,0.87,0.05,100000,2133,205,13,21,1050000
N10-6.txt,0.87,0.05,100000,2133,198,7,3,1050000
N30-9.txt,0.87,0.05,100000,2133,746,31,5,1050000
N20-3.txt,0.87,0.05,100000,2133,489,19,4,1050000
N50-4.txt,0.87,0.05,100000,2133,1311,35,15,1050000
N10-8.txt,0.52,0.05,100000,2134,71,13,9,230000
N50-5.txt,0.52,0.05,100000,2134,1312,67,10,230000
N40-5.txt,0.52,0.05,100000,2134,149,25,31,230000
N20-2.txt,0.52,0.05,100000,2134,492,19,5,230000
N30-2.txt,0.52,0.05,100000,2134,771,33,5,230000
N40-8.txt,0.52,0.05,100000,2134,1021,70,8,230000
N50-9.txt,0.52,0.05,100000,2134,1290,65,11,230000
N40-7.txt,0.52,0.05,100000,2134,194,72,32,230000
N50-8.txt,0.52,0.05,100000,2134,1288,51,12,230000
N20-10.txt,0.52,0.05,100000,2134,469,23,5,230000
N20-1.txt,0.52,0.05,100000,2134,366,26,7,230000
N30-10.txt,0.52,0.05,100000,2134,378,37,16,230000
N30-8.txt,0.52,0.05,100000,2134,745,39,7,230000
N20-9.txt,0.52,0.05,100000,2134,139,35,9,230000
N10-10.txt,0.52,0.05,100000,2134,204,10,1,230000
N50-6.txt,0.52,0.05,100000,2134,299,99,35,230000
N40-6.txt,0.52,0.05,100000,2134,294,70,24,230000
N10-9.txt,0.52,0.05,100000,2134,200,11,3,230000
N50-7.txt,0.52,0.05,100000,2134,1287,58,10,230000
NPlus-1.txt,0.52,0.05,100000,2134,878,53,25,230000
N10-7.txt,0.52,0.05,100000,2134,158,12,6,230000
N40-4.txt,0.52,0.05,100000,2134,444,36,18,230000
NPlus-3.txt,0.52,0.05,100000,2134,1158,60,19,230000
NPlus-2.txt,0.52,0.05,100000,2134,1325,78,9,230000
N30-1.txt,0.52,0.05,100000,2134,205,16,22,230000
N10-6.txt,0.52,0.05,100000,2134,198,9,2,230000
N30-9.txt,0.52,0.05,100000,2134,746,43,7,230000
N20-3.txt,0.52,0.05,100000,2134,489,22,5,230000
N50-4.txt,0.52,0.05,100000,2134,1311,44,14,230000
N10-8.txt,0.73,0.05,100000,2135,71,13,9,470000
N50-5.txt,0.73,0.05,100000,2135,1312,64,12,470000
N40-5.txt,0.73,0.05,100000,2135,149,21,32,470000
N20-2.txt,0.73,0.05,100000,2135,492,21,4,470000
N30-2.txt,0.73,0.05,100000,2135,771,24,6,470000
N40-8.txt,0.73,0.05,100000,2135,1021,68,7,470000
N50-9.txt,0.73,0.05,100000,2135,1290,49,12,470000
N40-7.txt,0.73,0.05,100000,2135,194,50,34,470000
N50-8.txt,0.73,0.05,100000,2135,1288,54,12,470000
N20-10.txt,0.73,0.05,100000,2135,469,27,4,470000
N20-1.txt,0.73,0.05,100000,2135,366,15,8,470000
N30-10.txt,0.73,0.05,100000,2135,378,47,14,470000
N30-8.txt,0.73,0.05,100000,2135,745,31,8,470000
N20-9.txt,0.73,0.05,100000,2135,139,29,10,470000
N10-10.txt,0.73,0.05,100000,2135,204,11,2,470000
N50-6.txt,0.73,0.05,100000,2135,299,82,35,470000
N40-6.txt,0.73,0.05,100000,2135,294,57,25,470000
N10-9.txt,0.73,0.05,100000,2135,200,11,3,470000
N50-7.txt,0.73,0.05,100000,2135,1287,57,11,470000
NPlus-1.txt,0.73,0.05,100000,2135,878,44,25,470000
N10-7.txt,0.73,0.05,100000,2135,158,9,6,470000
N40-4.txt,0.73,0.05,100000,2135,444,39,20,470000
NPlus-3.txt,0.73,0.05,100000,2135,1158,61,20,470000
NPlus-2.txt,0.73,0.05,100000,2135,1325,56,8,470000
N30-1.txt,0.73,0.05,100000,2135,205,25,20,470000
N10-6.txt,0.73,0.05,100000,2135,198,11,3,470000
N30-9.txt,0.73,0.05,100000,2135,746,41,6,470000
N20-3.txt,0.73,0.05,100000,2135,489,21,5,470000
N50-4.txt,0.73,0.05,100000,2135,1311,40,14,470000
N10-8.txt,0.41,0.05,100000,2136,71,15,9,170000
N50-5.txt,0.41,0.05,100000,2136,1312,59,14,170000
N40-5.txt,0.41,0.05,100000,2136,149,26,31,170000
N20-2.txt,0.41,0.05,100000,2136,492,21,5,170000
N30-2.txt,0.41,0.05,100000,2136,771,30,7,170000
N40-8.txt,0.41,0.05,100000,2136,1021,72,8,170000
N50-9.txt,0.41,0.05,100000,2136,1290,54,12,170000
N40-7.txt,0.41,0.05,100000,2136,194,64,32,170000
N50-8.txt,0.41,0.05,100000,2136,1288,57,11,170000
N20-10.txt,0.41,0.05,100000,2136,469,19,5,170000
N20-1.txt,0.41,0.05,100000,2136,366,20,8,170000
N30-10.txt,0.41,0.05,100000,2136,378,42,17,170000
N30-8.txt,0.41,0.05,100000,2136,745,42,5,170000
N20-9.txt,0.41,0.05,100000,2136,139,26,12,170000
N10-10.txt,0.41,0.05,100000,2136,204,10,3,170000
N50-6.txt,0.41,0.05,100000,2136,299,94,34,170000
N40-6.txt,0.41,0.05,100000,2136,294,68,24,170000
N10-9.txt,0.41,0.05,100000,2136,200,11,3,170000
N50-7.txt,0.41,0.05,100000,2136,1287,58,10,170000
NPlus-1.txt,0.41,0.05,100000,2136,878,52,25,170000
N10-7.txt,0.41,0.05,100000,2136,158,15,6,170000
N40-4.txt,0.41,0.05,100000,2136,444,52,20,170000
NPlus-3.txt,0.41,0.05,100000,2136,1158,61,19,170000
NPlus-2.txt,0.41,0.05,100000,2136,1325,63,12,170000
N30-1.txt,0.41,0.05,100000,2136,205,47,22,170000
N10-6.txt,0.41,0.05,100000,2136,198,8,3,170000
N30-9.txt,0.41,0.05,100000,2136,746,52,7,170000
N20-3.txt,0.41,0.05,100000,2136,489,24,5,170000
N50-4.txt,0.41,0.05,100000,2136,1311,49,13,170000
N10-8.txt,0.61,0.05,100000,2137,71,15,8,300000
N50-5.txt,0.61,0.05,100000,2137,1312,52,12,300000
N40-5.txt,0.61,0.05,100000,2137,149,30,31,300000
N20-2.txt,0.61,0.05,100000,2137,492,18,4,300000
N30-2.txt,0.61,0.05,100000,2137,771,24,7,300000
N40-8.txt,0.61,0.05,100000,2137,1021,53,8,300000
N50-9.txt,0.61,0.05,100000,2137,1290,59,12,300000
N40-7.txt,0.61,0.05,100000,2137,194,74,32,300000
N50-8.txt,0.61,0.05,100000,2137,1288,58,12,300000
N20-10.txt,0.61,0.05,100000,2137,469,29,4,300000
N20-1.txt,0.61,0.05,100000,2137,366,23,7,300000
N30-10.txt,0.61,0.05,100000,2137,378,46,17,300000
N30-8.txt,0.61,0.05,100000,2137,745,36,7,300000
N20-9.txt,0.61,0.05,100000,2137,139,27,12,300000
N10-10.txt,0.61,0.05,100000,2137,204,9,3,300000
N50-6.txt,0.61,0.05,100000,2137,299,83,36,300000
N40-6.txt,0.61,0.05,100000,2137,294,55,25,300000
N10-9.txt,0.61,0.05,100000,2137,200,8,3,300000
N50-7.txt,0.61,0.05,100000,2137,1287,45,13,300000
NPlus-1.txt,0.61,0.05,100000,2137,878,46,26,300000
N10-7.txt,0.61,0.05,100000,2137,158,11,6,300000
N40-4.txt,0.61,0.05,100000,2137,444,38,19,300000
NPlus-3.txt,0.61,0.05,100000,2137,1158,54,20,300000
NPlus-2.txt,0.61,0.05,100000,2137,1325,50,9,300000
N30-1.txt,0.61,0.05,100000,2137,205,31,21,300000
N10-6.txt,0.61,0.05,100000,2137,198,9,3,300000
N30-9.txt,0.61,0.05,100000,2137,746,46,6,300000
N20-3.txt,0.61,0.05,100000,2137,489,21,5,300000
N50-4.txt,0.61,0.05,100000,2137,1311,45,13,300000
N10-8.txt,0.85,0.05,100000,2138,71,12,9,900000
N50-5.txt,0.85,0.05,100000,2138,1312,57,13,900000
N40-5.txt,0.85,0.05,100000,2138,149,19,30,900000
N20-2.txt,0.85,0.05,100000,2138,492,18,5,900000
N30-2.txt,0.85,0.05,100000,2138,771,24,6,900000
N40-8.txt,0.85,0.05,100000,2138,1021,50,6,900000
N50-9.txt,0.85,0.05,100000,2138,1290,54,12,900000
N40-7.txt,0.85,0.05,100000,2138,194,54,33,900000
N50-8.txt,0.85,0.05,100000,2138,1288,49,11,900000
N20-10.txt,0.85,0.05,100000,2138,469,21,4,900000
N20-1.txt,0.85,0.05,100000,2138,366,18,8,900000
N30-10.txt,0.85,0.05,100000,2138,378,43,15,900000
N30-8.txt,0.85,0.05,100000,2138,745,30,8,900000
N20-9.txt,0.85,0.05,100000,2138,139,19,11,900000
N10-10.txt,0.85,0.05,100000,2138,204,8,3,900000
N50-6.txt,0.85,0.05,100000,2138,299,67,36,900000
N40-6.txt,0.85,0.05,100000,2138,294,47,25,900000
N10-9.txt,0.85,0.05,100000,2138,200,9,3,900000
N50-7.txt,0.85,0.05,100000,2138,1287,44,13,900000
NPlus-1.txt,0.85,0.05,100000,2138,878,41,26,900000
N10-7.txt,0.85,0.05,100000,2138,158,11,6,900000
N40-4.txt,0.85,0.05,100000,2138,444,33,20,900000
NPlus-3.txt,0.85,0.05,100000,2138,1158,50,19,900000
NPlus-2.txt,0.85,0.05,100000,2138,1325,46,14,900000
N30-1.txt,0.85,0.05,100000,2138,205,12,22,900000
N10-6.txt,0.85,0.05,100000,2138,198,8,3,900000
N30-9.txt,0.85,0.05,100000,2138,746,31,7,900000
N20-3.txt,0.85,0.05,100000,2138,489,19,5,900000
N50-4.txt,0.85,0.05,100000,2138,1311,36,14,900000
N10-8.txt,0.92,0.05,100000,2139,71,12,9,1750000
N50-5.txt,0.92,0.05,100000,2139,1312,42,12,1750000
N40-5.txt,0.92,0.05,100000,2139,149,20,32,1750000
N20-2.txt,0.92,0.05,100000,2139,492,22,5,1750000
N30-2.txt,0.92,0.05,100000,2139,771,22,8,1750000
N40-8.txt,0.92,0.05,100000,2139,1021,43,7,1750000
N50-9.txt,0.92,0.05,100000,2139,1290,45,13,1750000
N40-7.txt,0.92,0.05,100000,2139,194,45,34,1750000
N50-8.txt,0.92,0.05,100000,2139,1288,43,13,1750000
N20-10.txt,0.92,0.05,100000,2139,469,18,6,1750000
N20-1.txt,0.92,0.05,100000,2139,366,14,7,1750000
N30-10.txt,0.92,0.05,100000,2139,378,37,17,1750000
N30-8.txt,0.92,0.05,100000,2139,745,24,9,1750000
N20-9.txt,0.92,0.05,100000,2139,139,20,11,1750000
N10-10.txt,0.92,0.05,100000,2139,204,9,1,1750000
N50-6.txt,0.92,0.05,100000,2139,299,52,35,1750000
N40-6.txt,0.92,0.05,100000,2139,294,41,25,1750000
N10-9.txt,0.92,0.05,100000,2139,200,9,3,1750000
N50-7.txt,0.92,0.05,100000,2139,1287,43,11,1750000
NPlus-1.txt,0.92,0.05,100000,2139,878,35,26,1750000
N10-7.txt,0.92,0.05,100000,2139,158,10,6,1750000
N40-4.txt,0.92,0.05,100000,2139,444,24,22,1750000
NPlus-3.txt,0.92,0.05,100000,2139,1158,41,19,1750000
NPlus-2.txt,0.92,0.05,100000,2139,1325,47,12,1750000
N30-1.txt,0.92,0.05,100000,2139,205,10,21,1750000
N10-6.txt,0.92,0.05,100000,2139,198,10,3,1750000
N30-9.txt,0.92,0.05,100000,2139,746,29,8,1750000
N20-3.txt,0.92,0.05,100000,2139,489,18,6,1750000
N50-4.txt,0.92,0.05,100000,2139,1311,38,14,1750000
N10-8.txt,0.34,0.05,100000,2140,71,13,9,140000
N50-5.txt,0.34,0.05,100000,2140,1312,53,12,140000
N40-5.txt,0.34,0.05,100000,2140,149,23,31,140000
N20-2.txt,0.34,0.05,100000,2140,492,26,4,140000
N30-2.txt,0.34,0.05,100000,2140,771,38,5,140000
N40-8.txt,0.34,0.05,100000,2140,1021,70,9,140000
N50-9.txt,0.34,0.05,100000,2140,1290,57,11,140000
N40-7.txt,0.34,0.05,100000,2140,194,57,34,140000
N50-8.txt,0.34,0.05,100000,2140,1288,71,11,140000
N20-10.txt,0.34,0.05,100000,2140,469,30,5,140000
N20-1.txt,0.34,0.05,100000,2140,366,19,8,140000
N30-10.txt,0.34,0.05,100000,2140,378,48,15,140000
N30-8.txt,0.34,0.05,100000,2140,745,36,8,140000
N20-9.txt,0.34,0.05,100000,2140,139,30,11,140000
N10-10.txt,0.34,0.05,100000,2140,204,12,1,140000
N50-6.txt,0.34,0.05,100000,2140,299,112,35,140000
N40-6.txt,0.34,0.05,100000,2140,294,65,25,140000
N10-9.txt,0.34,0.05,100000,2140,200,12,1,140000
N50-7.txt,0.34,0.05,100000,2140,1287,63,9,140000
NPlus-1.txt,0.34,0.05,100000,2140,878,59,25,140000
N10-7.txt,0.34,0.05,100000,2140,158,9,6,140000
N40-4.txt,0.34,0.05,100000,2140,444,46,19,140000
NPlus-3.txt,0.34,0.05,100000,2140,1158,79,18,140000
NPlus-2.txt,0.34,0.05,100000,2140,1325,65,11,140000
N30-1.txt,0.34,0.05,100000,2140,205,40,20,140000
N10-6.txt,0.34,0.05,100000,2140,198,10,2,140000
N30-9.txt,0.34,0.05,100000,2140,746,52,5,140000
N20-3.txt,0.34,0.05,100000,2140,489,25,5,140000
N50-4.txt,0.34,0.05,100000,2140,1311,49,13,140000
N10-8.txt,0.47,0.05,100000,2141,71,13,9,200000
N50-5.txt,0.47,0.05,100000,2141,1312,56,13,200000
N40-5.txt,0.47,0.05,100000,2141,149,28,31,200000
N20-2.txt,0.47,0.05,100000,2141,492,25,5,200000
N30-2.txt,0.47,0.05,100000,2141,771,23,7,200000
N40-8.txt,0.47,0.05,100000,2141,1021,62,7,200000
N50-9.txt,0.47,0.05,100000,2141,1290,61,11,200000
N40-7.txt,0.47,0.05,100000,2141,194,68,31,200000
N50-8.txt,0.47,0.05,100000,2141,1288,50,11,200000
N20-10.txt,0.47,0.05,100000,2141,469,22,6,200000
N20-1.txt,0.47,0.05,100000,2141,366,16,7,200000
N30-10.txt,0.47,0.05,100000,2141,378,47,16,200000
N30-8.txt,0.47,0.05,100000,2141,745,43,8,200000
N20-9.txt,0.47,0.05,100000,2141,139,22,12,200000
N10-10.txt,0.47,0.05,100000,2141,204,14,2,200000
N50-6.txt,0.47,0.05,100000,2141,299,109,35,200000
N40-6.txt,0.47,0.05,100000,2141,294,58,24,200000
N10-9.txt,0.47,0.05,100000,2141,200,12,2,200000
N50-7.txt,0.47,0.05,100000,2141,1287,56,13,200000
NPlus-1.txt,0.47,0.05,100000,2141,878,59,25,200000
N10-7.txt,0.47,0.05,100000,2141,158,15,6,200000
N40-4.txt,0.47,0.05,100000,2141,444,45,20,200000
NPlus-3.txt,0.47,0.05,100000,2141,1158,69,18,200000
NPlus-2.txt,0.47,0.05,100000,2141,1325,76,7,200000
N30-1.txt,0.47,0.05,100000,2141,205,20,21,200000
N10-6.txt,0.47,0.05,100000,2141,198,12,2,200000
N30-9.txt,0.47,0.05,100000,2141,746,46,6,200000
N20-3.txt,0.47,0.05,100000,2141,489,21,5,200000
N50-4.txt,0.47,0.05,100000,2141,1311,51,13,200000
N10-8.txt,0.68,0.05,100000,2142,71,15,9,380000
N50-5.txt,0.68,0.05,100000,2142,1312,54,13,380000
N40-5.txt,0.68,0.05,100000,2142,149,23,31,380000
N20-2.txt,0.68,0.05,100000,2142,492,24,3,380000
N30-2.txt,0.68,0.05,100000,2142,771,24,6,380000
N40-8.txt,0.68,0.05,100000,2142,1021,67,8,380000
N50-9.txt,0.68,0.05,100000,2142,1290,49,13,380000
N40-7.txt,0.68,0.05,100000,2142,194,56,33,380000
N50-8.txt,0.68,0.05,100000,2142,1288,54,11,380000
N20-10.txt,0.68,0.05,100000,2142,469,15,5,380000
N20-1.txt,0.68,0.05,100000,2142,366,20,8,380000
N30-10.txt,0.68,0.05,100000,2142,378,53,16,380000
N30-8.txt,0.68,0.05,100000,2142,745,34,7,380000
N20-9.txt,0.68,0.05,100000,2142,139,21,11,380000
N10-10.txt,0.68,0.05,100000,2142,204,10,3,380000
N50-6.txt,0.68,0.05,100000,2142,299,88,35,380000
N40-6.txt,0.68,0.05,100000,2142,294,62,24,380000
N10-9.txt,0.68,0.05,100000,2142,200,11,3,380000
N50-7.txt,0.68,0.05,100000,2142,1287,52,12,380000
NPlus-1.txt,0.68,0.05,100000,2142,878,46,26,380000
N10-7.txt,0.68,0.05,100000,2142,158,13,6,380000
N40-4.txt,0.68,0.05,100000,2142,444,33,21,380000
NPlus-3.txt,0.68,0.05,100000,2142,1158,50,18,380000
NPlus-2.txt,0.68,0.05,100000,2142,1325,62,10,380000
N30-1.txt,0.68,0.05,100000,2142,205,27,19,380000
N10-6.txt,0.68,0.05,100000,2142,198,10,2,380000
N30-9.txt,0.68,0.05,100000,2142,746,49,7,380000
N20-3.txt,0.68,0.05,100000,2142,489,24,6,380000
N50-4.txt,0.68,0.05,100000,2142,1311,42,14,380000
N10-8.txt,0.57,0.05,100000,2143,71,13,9,260000
N50-5.txt,0.57,0.05,100000,2143,1312,67,13,260000
N40-5.txt,0.57,0.05,100000,2143,149,29,31,260000
N20-2.txt,0.57,0.05,100000,2143,492,26,6,260000
N30-2.txt,0.57,0.05,100000,2143,771,29,6,260000
N40-8.txt,0.57,0.05,100000,2143,1021,71,7,260000
N50-9.txt,0.57,0.05,100000,2143,1290,44,13,260000
N40-7.txt,0.57,0.05,100000,2143,194,68,32,260000
N50-8.txt,0.57,0.05,100000,2143,1288,51,12,260000
N20-10.txt,0.57,0.05,100000,2143,469,22,5,260000
N20-1.txt,0.57,0.05,100000,2143,366,19,8,260000
N30-10.txt,0.57,0.05,100000,2143,378,46,15,260000
N30-8.txt,0.57,0.05,100000,2143,745,36,7,260000
N20-9.txt,0.57,0.05,100000,2143,139,21,10,260000
N10-10.txt,0.57,0.05,100000,2143,204,11,2,260000
N50-6.txt,0.57,0.05,100000,2143,299,74,33,260000
N40-6.txt,0.57,0.05,100000,2143,294,55,24,260000
N10-9.txt,0.57,0.05,100000,2143,200,8,2,260000
N50-7.txt,0.57,0.05,100000,2143,1287,59,12,260000
NPlus-1.txt,0.57,0.05,100000,2143,878,57,25,260000
N10-7.txt,0.57,0.05,100000,2143,158,16,6,260000
N40-4.txt,0.57,0.05,100000,2143,444,39,18,260000
NPlus-3.txt,0.57,0.05,100000,2143,1158,68,19,260000
NPlus-2.txt,0.57,0.05,100000,2143,1325,59,10,260000
N30-1.txt,0.57,0.05,100000,2143,205,29,21,260000
N10-6.txt,0.57,0.05,100000,2143,198,9,3,260000
N30-9.txt,0.57,0.05,100000,2143,746,38,4,260000
N20-3.txt,0.57,0.05,100000,2143,489,23,5,260000
N50-4.txt,0.57,0.05,100000,2143,1311,49,15,260000
